{"cameraMode":{"drawMode":0,"name":"Shaded","section":"Shading Mode"},"sceneLighting":false,"audioPlay":false,"sceneViewState":{"m_AlwaysRefresh":false,"showFog":true,"showSkybox":false,"showFlares":true,"showImageEffects":true,"showParticleSystems":true,"showVisualEffectGraphs":true,"m_FxEnabled":true},"in2DMode":false,"pivot":{"x":-0.2246960997581482,"y":3.3732831478118898,"z":7.002449035644531},"rotation":{"x":-0.006975893396884203,"y":0.9683453440666199,"z":-0.24809587001800538,"w":-0.02731919474899769},"size":5.033905506134033,"orthographic":false}